{
  "backprop" : true,
  "backpropType" : "Standard",
  "cacheMode" : "NONE",
  "defaultConfiguration" : {
    "cacheMode" : "NONE",
    "epochCount" : 0,
    "iterationCount" : 0,
    "l1ByParam" : { },
    "l2ByParam" : { },
    "layer" : null,
    "maxNumLineSearchIterations" : 5,
    "miniBatch" : true,
    "minimize" : true,
    "optimizationAlgo" : "STOCHASTIC_GRADIENT_DESCENT",
    "pretrain" : false,
    "seed" : 123,
    "stepFunction" : null,
    "variables" : [ "layer0_W", "layer0_RW", "layer0_b", "predictMortality_W", "predictMortality_b" ]
  },
  "epochCount" : 16,
  "inferenceWorkspaceMode" : "SEPARATE",
  "iterationCount" : 256,
  "networkInputs" : [ "trainFeatures" ],
  "networkOutputs" : [ "predictMortality" ],
  "pretrain" : false,
  "tbpttBackLength" : 20,
  "tbpttFwdLength" : 20,
  "trainingWorkspaceMode" : "SEPARATE",
  "vertexInputs" : {
    "layer0" : [ "trainFeatures" ],
    "predictMortality" : [ "layer0" ]
  },
  "vertices" : {
    "layer0" : {
      "LayerVertex" : {
        "layerConf" : {
          "cacheMode" : "NONE",
          "epochCount" : 0,
          "iterationCount" : 0,
          "l1ByParam" : {
            "b" : 0.0,
            "RW" : 0.0,
            "W" : 0.0
          },
          "l2ByParam" : {
            "b" : 0.0,
            "RW" : 0.0,
            "W" : 0.0
          },
          "layer" : {
            "gravesLSTM" : {
              "activationFn" : {
                "TanH" : { }
              },
              "biasInit" : 0.0,
              "biasUpdater" : null,
              "constraints" : null,
              "dist" : null,
              "distRecurrent" : null,
              "forgetGateBiasInit" : 1.0,
              "gateActivationFn" : {
                "Sigmoid" : { }
              },
              "gradientNormalization" : "None",
              "gradientNormalizationThreshold" : 1.0,
              "idropout" : null,
              "iupdater" : {
                "@class" : "org.nd4j.linalg.learning.config.Adam",
                "beta1" : 0.9,
                "beta2" : 0.999,
                "epsilon" : 1.0E-8,
                "learningRate" : 0.01
              },
              "l1" : 0.0,
              "l1Bias" : 0.0,
              "l2" : 0.0,
              "l2Bias" : 0.0,
              "layerName" : "layer0",
              "nin" : 84,
              "nout" : 100,
              "weightInit" : "XAVIER",
              "weightInitRecurrent" : null,
              "weightNoise" : null
            }
          },
          "maxNumLineSearchIterations" : 5,
          "miniBatch" : true,
          "minimize" : true,
          "optimizationAlgo" : "STOCHASTIC_GRADIENT_DESCENT",
          "pretrain" : false,
          "seed" : 123,
          "stepFunction" : null,
          "variables" : [ "W", "RW", "b" ]
        },
        "outputVertex" : false,
        "preProcessor" : null
      }
    },
    "predictMortality" : {
      "LayerVertex" : {
        "layerConf" : {
          "cacheMode" : "NONE",
          "epochCount" : 0,
          "iterationCount" : 0,
          "l1ByParam" : {
            "b" : 0.0,
            "W" : 0.0
          },
          "l2ByParam" : {
            "b" : 0.0,
            "W" : 0.0
          },
          "layer" : {
            "rnnoutput" : {
              "activationFn" : {
                "Softmax" : { }
              },
              "biasInit" : 0.0,
              "biasUpdater" : null,
              "constraints" : null,
              "dist" : null,
              "gradientNormalization" : "None",
              "gradientNormalizationThreshold" : 1.0,
              "hasBias" : true,
              "idropout" : null,
              "iupdater" : {
                "@class" : "org.nd4j.linalg.learning.config.Adam",
                "beta1" : 0.9,
                "beta2" : 0.999,
                "epsilon" : 1.0E-8,
                "learningRate" : 0.01
              },
              "l1" : 0.0,
              "l1Bias" : 0.0,
              "l2" : 0.0,
              "l2Bias" : 0.0,
              "layerName" : "predictMortality",
              "lossFn" : {
                "BinaryXENT" : {
                  "clipEps" : 1.0E-5,
                  "configProperties" : false
                }
              },
              "nin" : 100,
              "nout" : 2,
              "weightInit" : "XAVIER",
              "weightNoise" : null
            }
          },
          "maxNumLineSearchIterations" : 5,
          "miniBatch" : true,
          "minimize" : true,
          "optimizationAlgo" : "STOCHASTIC_GRADIENT_DESCENT",
          "pretrain" : false,
          "seed" : 123,
          "stepFunction" : null,
          "variables" : [ "W", "b" ]
        },
        "outputVertex" : false,
        "preProcessor" : null
      }
    }
  }
}